<?xml version="1.0" encoding="UTF-8"?>
<beans xmlns="http://www.springframework.org/schema/beans"
       xmlns:xsi="http://www.w3.org/2001/XMLSchema-instance" xmlns:mvc="http://www.springframework.org/schema/mvc"
       xsi:schemaLocation="http://www.springframework.org/schema/beans http://www.springframework.org/schema/beans/spring-beans.xsd http://www.springframework.org/schema/mvc https://www.springframework.org/schema/mvc/spring-mvc.xsd">
    <mvc:annotation-driven/>

    <mvc:interceptors>
        <mvc:interceptor>
            <!--映射要拦截的请求-->
            <mvc:mapping path="/**"/>
            <!--设置放⾏的请求-->
            <mvc:exclude-mapping path="/index/login"></mvc:exclude-mapping>
            <!--配置具体的拦截器实现功能的类-->
            <bean class="bjut.utils.LoginInterceptor"></bean>
        </mvc:interceptor>

    </mvc:interceptors>


</beans>